ODS,Keyword
1,No Poverty
1,Asylum seeker
1,Basic services
1,Developing countries
1,Disadvantaged
1,Financial inclusion
1,Microfinance
1,Non-discrimination
1,Poverty
1,Refugee
1,Social protection
1,Third World
1,Vulnerable
1,Wealth distribution
1,Income Equality
2,Zero Hunger
2,Agricultural
2,Agriculture AND sustainable
2,Crop
2,Crop diversity
2,Crops
2,Doha Round
2,Farming
2,Food gap
2,Food poverty
2,Food production
2,Food security
2,Hunger
2,Hungry
2,Malnourished
2,Malnutrition
2,Rural development
2,Small-scale food producers
2,Soil pollution
2,Stunted growth
2,Stunting
2,Sufficient food
2,Trade diversity
2,Undernourished
2,Wasting AND food
3,Good Health & Wellbeing
3,Alcohol abuse
3,Antenatal
3,Child deaths
3,Contraceptive use
3,Death rate
3,Disability
3,Family planning
3,Immunisation
3,Malaria
3,Mental health
3,Neonatal
3,Premature birth
3,Reducing mortality
3,Sexual health
3,Substance abuse
3,Vaccination
3,World Health Organisation
4,Quality Education
4,Access to education
4,Basic education
4,Early childhood development
4,Education for sustainability
4,Education in developing countries
4,Equal education
4,Equitable education
4,Gender disparities in education
4,Global education
4,Learning opportunities
4,Lifelong learning
4,Literacy skills
4,Numeracy skills
4,Post primary education
4,Primary education
4,Qualified teachers
4,Refugees and learning
4,School enrolment
4,Secondary education
4,Teacher training
4,Universal education
4,Vocational training
5,Gender Equality
5,Empower AND women
5,Empower girls
5,Empowering girls
5,Empowering women
5,Empowerment AND women
5,Exploitation AND girls
5,Exploitation AND women
5,Female genital mutilation
5,Feminism
5,Forced marriage
5,Gender AND Discrimination
5,Gender discrimination
5,Gender equality
5,gender parity
5,Governance and gender
5,Human rights
5,Human trafficking
5,Marginalised
5,Reproductive health
5,Reproductive rights
5,Sexual  health
5,Sexual exploitation
5,Sexual violence
5,Social inclusion
5,Violence AND girls
5,Violence AND women
5,Women in work
5,Women's empowerment
5,Women's rights
5,Workplace equality
6,Clean Water & Sanitation
6,Aquifer
6,Contaminated
6,Defecation
6,Desalination
6,Diarrhoeal diseases
6,Fresh water
6,Hydropower
6,Hygiene
6,Irrigation
6,River basins
6,Sanitation
6,Sewerage
6,Sewers
6,Toilet
6,Toilets
6,Untreated wastewater
6,Wastewater
6,Water access
6,Water harvesting
6,Water quality
6,water resources
6,water scarcity
6,water supply
7,Affordable & Clean Energy
7,Affordable energy
7,Alternative energy
7,Clean energy
7,Clean energy technology
7,Clean fuel
7,Clean fuel technology
7,Clean fuels
7,Energy efficiency
7,Fossil Fuel
7,Green economy
7,Hydroelectric
7,Natural gas
7,Reliable energy
7,Renewable energy
7,Renewable power
7,Solar power
7,Sustainable AND energy
7,Sustainable AND power
7,Wave power
7,Wind energy
7,Wind power
8,Decent Work & Economic Growth
8,Child labour
8,Child soldiers
8,Decent work
8,Development oriented policy
8,Economic growth
8,Economic productivity
8,Entrepreneurship
8,Equal pay
8,Financial services
8,Forced labour
8,GDP growth
8,Global resource efficiency
8,Global trade
8,Gross domestic product
8,Human trafficking
8,Inclusive economic growth
8,Job creation
8,Labour market
8,Labour rights
8,Micro finance
8,Migrant workers
8,Modern slavery
8,Poverty eradication
8,Poverty line
8,Productive employment
8,Quality jobs
8,Safe work
8,Secure work
8,Slavery
8,Social policies
8,Stable employment
8,Stable jobs
8,Sustainable economic growth
8,Sustainable tourism
8,Unemployment
8,Work opportunities
8,Youth employment
8,Youth unemployment
9,Industry
9,Clean technologies
9,Communications technology
9,Data banks
9,Enterprises
9,Environmentally sound technologies
9,Financial services
9,Foster innovation
9,Industrial diversification
9,Industrialisation
9,Information and communication technology
9,Internet access
9,Mobile networks
9,Resilient infrastructure
9,Resource use efficiency
9,Sustainable industrialisation
9,Sustainable infrastructure
9,Technological capabilities
10,Reduced Inequalities
10,Ageism
10,Classism
10,Culture
10,Development assistance
10,Disabilities
10,disability
10,Discrimination
10,Equal opportunity
10,Equal pay
10,Ethnicity
10,Homophobia
10,Income inequality
10,Race AND discriminate
10,Racism
10,Religion
10,sex AND inequality
10,Sexism
10,Social protection
10,Vulnerable nations
11,Sustainable Cities and Communities
11,Air pollution
11,Air quality
11,Arts AND heritage
11,Cultural heritage
11,Decentralisation
11,Development planning
11,Disaster management
11,Disaster risk reduction
11,Disaster Strategy
11,Fine particulate matter
11,Green spaces
11,Human settlements
11,Impact  of cities
11,Inadequate housing
11,Informal settlements
11,Land consumption
11,local materials
11,Natural disasters
11,Natural heritage
11,overcrowding
11,Public spaces
11,Public transport
11,Resilient buildings
11,Risk reduction strategy
11,Road safety
11,Shanty
11,Slums
11,Smart cities
11,Suburban
11,Sustainable AND city
11,Sustainable AND communities
11,Sustainable buildings
11,Sustainable urbanisation
11,Tourism
11,Town planning
11,Urban development
11,Urban planning
11,Urban sustainability
11,Urbanisation
12,Responsible Consumption & Production
12,Circular economy
12,Consumer levels
12,Consumerism
12,Efficient use of resources
12,Energy consumption
12,Energy efficiency
12,Energy use
12,Fast fashion
12,Food losses
12,Food supply
12,Food waste
12,Fossil fuel
12,Future proof
12,Material goods
12,Materialism
12,Natural resources
12,Obsolescence
12,Overconsumption
12,procurement
12,Reduce waste
12,Resource efficiency
12,Responsible production chains
12,Supply chain
12,Sustainable consumption
12,Sustainable tourism
12,Wasteful consumption
13,Climate Action
13,Carbon emissions
13,Climate action
13,Climate adaptation
13,Climate change planning
13,Climate change policy
13,Climate early warning
13,Climate hazards
13,Climate impact
13,Climate mitigation
13,Climate refugees
13,Climate related hazards
13,Climate resilience
13,COP 21
13,COP 22
13,Cyclone
13,Drought
13,Extreme weather
13,Forest fire
13,Global temperature
13,Global warming
13,Greenhouse gas
13,Greenhouse gases
13,Hurricanes
13,Ice loss
13,Low-carbon economy
13,Methane emissions
13,Natural disasters
13,Nitrogen oxide emissions
13,Ocean warming
13,Paris Agreement
13,rising sea
13,Rising sea level
13,Sea level rise
13,Warming
14,Life Below Water
14,Coastlines
14,Conserve oceans
14,Coral bleaching
14,Coral reef
14,Fish species
14,fish stock
14,Fish stocks
14,Fisheries
14,fishery
14,Fishing practices
14,Illegal fishing
14,Marine ecosystems
14,Marine pollution
14,Marine resources
14,Ocean acidification
14,Ocean temperature
14,overexploitation AND fish
14,Overfishing
14,Productive oceans
14,Protected areas
14,Sea grasses
15,Life On Land
15,Afforestation
15,Alien species
15,Biodiversity
15,Biodiversity Conservation
15,Deforestation
15,Desertification
15,Drylands
15,Ecosystem restoration
15,Extinct
15,Forest management
15,Illegal wildlife products
15,Illicit trafficking
15,invasive species
15,Land conservation
15,Land degradation
15,Land loss
15,Land use
15,Manage forest
15,Managed forests
15,Permaculture
15,Poaching
15,Protected fauna
15,Protected flora
15,Reforestation
15,rewilding
15,Soil degradation
15,sub-species
15,Threatened species
15,Wetland conservation
15,Wildlife
16,Peace
16,Accountable institutions
16,Arbitrary detention
16,Arms trafficking
16,Birth registration
16,Bribery
16,Combat terrorism
16,Conflict resolution
16,Corruption
16,Enforced disappearance
16,Hate crime
16,Human trafficking
16,Illegal arms
16,Illicit financial flows
16,Inclusive institutions
16,Inclusive society
16,Judiciary
16,Justice
16,Legal identity
16,National Security
16,Non-violence
16,Organized crime
16,Paris principles
16,Peace
16,Peaceful
16,Physical abuse
16,Police
16,Prison
16,Prisons
16,Psychological abuse
16,Representative decision-making
16,Rule of law
16,Security threats
16,Sexual abuse
16,Sexual violence
16,Stolen assets
16,Strong institutions
16,Tax evasion
16,Theft
16,Torture
16,Un-sentenced detainees
16,Unstable societies
16,Victims of violence
16,Violence
16,weapon
16,weapons
17,Partnership for the Goals
17,Civil society partnerships
17,Development assistance
17,Doha Development Agenda
17,Foreign direct investments
17,Free trade
17,Global partnership
17,Global stability
17,International aid
17,International cooperation
17,International population
17,International support
17,Knowledge sharing
17,Multi-stakeholder partnerships
17,Public-private partnerships
17,Science cooperation agreements
17,Technology cooperation agreements
17,Weighted tariff average
17,World Trade Organization
1,affordable foods
1,solidarity campaigns
1,donations
1,benefical events
1,end of poverty
1,foundations
1,poverty
1,poverty reduction
1,volunteering
1,economic vulnerability
2,ecological agriculture
2,sustainable agriculture
2,affordable foods
2,to waste food
2,donations
2,hunger
2,zero hunger
2,improve nutrition
2,mortality
2,nutrition
2,food safety
3,work accident
3,physical activity
3,affordable foods
3,medical attention
3,wellness
3,good health
3,conciliation
3,water pollution
3,air pollution
3,soil pollution
3,stress control
3,to waste food
3,decrease occupational accidents
3,life expectancy
3,work flexibility
3,feeding habits
3,conciliation measures
3,improve health
3,nutrition
3,who
3,sustainable production
3,reduce deaths
3,health
3,health employees
3,rational water use

3,healthy life
3,healthy lifestyle
4,internet access
4,to learn
4,learning
4,digital learning
4,scholarships
4,schools
4,education
4,quality education
4,educaion inclusive
4,escolta
4,training
4,equality


4,reading
4,read
4,master's degree
4,learning opportunities
17,rsc
4,corporate social responsibility
5,fair working conditions
5,equal hiring
5,work-life balance
5,to empower
5,equality
5,gender equality
5,equal opportunities
5,female leadership
5,women
5,girls
5,salary policy
5,employment protection
5,gender violence
5,vulnerability
6,water
6,clean water
6,water consumption
6,water availability
6,sustainable water management
6,reduce water consumption
6,sanitation
6,sensors
6,rational water use
7,energetic savings
7,home
7,energy efficiency
7,energy
7,affordable energy
7,clean energy
7,modern energy
7,renewable energy
7,safe energy
7,sustainable energy
7,renewable
7,sensors
8,scholarships
8,equal hiring
8,work-life balance
8,creation jobs
8,creativity
8,increase
8,economic growth
8,inclusive growth
8,sustainable growth
8,human rights
8,working rights
8,developing
8,unemployment
8,disability
8,job
8,full employment
8,productive employment
8,inclusive employment
8,entrepreneurship
8,work flexibility
8,equality remuneration
8,innvoacion
8,conciliation measures
8,microenterprises
8,salary policy
8,gross domestic product
8,gdp
8,employment protection
8,job positions
8,reduce precarious jobs
8,risk of social exclusion
8,sepe
8,telecommuting
8,migrant worker
8,worked
8,decent job
8,forced labor
9,creativity
9,circular economy
9,digitization
9,transport efficiency
9,foster innovation
9,industry
9,industrialization
9,sustainable industrialization
9,infrastructure
9,innovation


9,oepm
9,patents
9,sustainable production
9,organic products
9,urbanization
10,humanitarian crisis
10,inequalities
10,inclusive employment
10,foundations
10,social inclusion
10,index gini
10,integration
10,reduction poverty
10,reduce inequalities
10,risk of social exclusion
10,vulnerability
10,volunteering
11,cities
11,sustainable cities
11,nitrogen dioxide concentration
11,ozone concentration
11,particulate matter concentration
11,efficient buildings
11,energetic
11,local products
11,sustainability
11,protected housing
11,parkland
12,save resources
12,savings costs
12,consumption
12,local consumption
12,responsible consumption
12,sustainable consumption
12,Ecodesign
12,local economy
12,operating efficiency
12,promote responsible consumption
12,sustainability memory
12,sustainable production
12,local products
12,organic products
12,recycling
12,recycle waste
12,reduce costs
12,reuse
12,sustainability
12,une-en 15593
13,energy savings
13,walk
13,climate change
13,climate
13,Carbon dioxide emissions
13,local products
13,emissions reduction
13,repair
13,parkland
14,marine conservation
14,marine contamination
14,protected coast
14,environmental impact
14,sea
14,seas
14,oceanos
14,prevent spills
14,marine resources
15,forests
15,natural disaster
15,conservation
15,land degradation
15,desertification
15,biological diversity
15,terrestrial ecosystems
15,wetlands
15,mountains
15,protect biodiversity
15,natural resources
15,repair
15,arid zones
16,access to justice
16,anti-corruption
16,murders
16,audits
16,channel complaints
16,behavioral code
16,fair competition
16,ethical behavior
16,legal behavior
16,corruption
16,financial crime
16,human rights
16,discrimination
16,drugs
16,Global Reporting Initiative
16,inclusive institutions
17,International Transparency Index
17,foundations
16,efficient institutions
16,violence
16,protect freedoms
16,effective institutions
16,inclusive society
16,pacific society
16,transparency
16,ethical values
16,violence to minors
17,world alliance
17,alliances
17,associations
17,cnmc
16,responsible institutions
16,justice
16,social justice
16,bribery
17,resettlement support center
17,refugees
17,reception
17,placement
10,refugees
10, vulnerable groups
10,refugees
10,education
10,nutrition
10,health
10,food security
17,concept notes
17,operational partners
17,protection
10,social inequalities
3,covid
5,gender based violence
17,alliances for resources
16,forensic
16,constitutional 
16,peace
16,freedom
5,human rights
10,bureau of democracy
5,inclusivity
16,journalists
16, juvenile justice
5,lgbti
5,diversity
8,mining
8,work rights
13,native
13,environmental
10,displaced
17,positive impact
17,democracy 
10,law
16,institutionality
10,political rights
10,ethnic communities
16,impunity
17,antisemitism
17,censorship
8,forced labor
